Palabra,Costo,Clics,Impresiones,Conversiones,Principales búsquedas que contienen la palabra
mate,"CLP117,746",562,"9,224",0.00,"(mate, yerba mate, bombilla mate)"
yerba,"CLP40,148",167,"3,135",0.00,"(yerba mate, yerba mate canarias, yerba canarias)"
matero,"CLP37,306",161,"1,911",0.00,"(bolso matero, matero, termo matero)"
bolso,"CLP29,868",119,"1,327",0.00,"(bolso matero, bolso para mate, bolso mate)"
cosas nuestras,"CLP4,904",528,"1,196",0.00,"(cosas nuestras, cosas nuestras cl)"
mates,"CLP15,657",87,"1,065",0.00,"(mates, mates chile, mates cl)"
chile,"CLP15,340",80,859,0.00,"(mate chile, mates chile, yerba mate canarias chile)"
canarias,"CLP10,096",46,820,0.00,"(yerba mate canarias, yerba canarias, yerba mate canarias chile)"
para,"CLP9,334",54,781,0.00,"(bolso para mate, termo para mate, bombilla para mate)"
de,"CLP7,331",42,755,0.00,"(mate de calabaza, beneficios de tomar mate, bolso de mate)"
bombilla,"CLP9,125",50,733,0.00,"(bombilla mate, bombilla para mate, bombilla de mate)"
beneficios,CLP98,11,606,0.00,"(beneficios del mate, beneficios de tomar mate, beneficios del mate para la salud)"
la,"CLP3,256",19,567,0.00,"(yerba mate la merced, la materia chile, mate la merced)"
termo,"CLP4,422",33,528,0.00,"(termo para mate, termo mate, termo matero)"
cl,"CLP1,489",177,468,0.00,"(cosas nuestras cl, mates cl, mate cl)"
del mate,CLP44,6,464,0.00,"(beneficios del mate, propiedades del mate, beneficios del mate para la salud)"
calabaza,"CLP5,453",31,308,0.00,"(mate de calabaza, mate calabaza)"
cbse,"CLP2,471",10,306,0.00,"(yerba mate cbse, mate cbse, cbse mate)"
la merced,"CLP2,534",10,259,0.00,"(yerba mate la merced, mate la merced, yerba la merced)"
buen pastor,"CLP1,890",7,256,0.00,"(yerba mate el buen pastor, yerba mate buen pastor, el buen pastor mate)"
el,"CLP1,606",8,228,0.00,"(yerba mate el buen pastor, el buen pastor mate, mate el buen pastor)"
materos,"CLP1,743",12,202,0.00,"(materos, bolsos materos)"
kit,"CLP3,811",19,187,0.00,"(kit matero, kit mate, kit de mate)"
set,"CLP2,225",15,183,0.00,"(set matero, set de mate, set mate)"
bombillas,"CLP3,739",19,161,0.00,"(bombillas de mate, bombillas para mate, bombillas mate)"
tomar,CLP30,2,160,0.00,(beneficios de tomar mate)
baldo,"CLP1,308",7,145,0.00,"(yerba mate baldo, yerba baldo)"
porta,"CLP1,213",8,135,0.00,(porta mate)
propiedades,CLP3,1,131,0.00,"(propiedades del mate, propiedades de la yerba mate)"
playadito,CLP403,2,130,0.00,"(yerba mate playadito, playadito, mate playadito)"
acero inoxidable,"CLP1,586",11,130,0.00,"(mate acero inoxidable, bombilla mate acero inoxidable)"
imperial,"CLP1,485",10,126,0.00,(mate imperial)
autocebante,"CLP1,056",4,103,0.00,(mate autocebante)
mates personalizados,"CLP1,771",14,99,0.00,"(mates personalizados, mates personalizados chile)"
cual,CLP164,3,95,0.00,"(cual es la mejor yerba mate en chile, cual es la mejor yerba mate)"
mejor yerba,CLP164,3,95,0.00,"(cual es la mejor yerba mate en chile, cual es la mejor yerba mate)"
es la,CLP164,3,95,0.00,"(cual es la mejor yerba mate en chile, cual es la mejor yerba mate)"
materia,CLP545,3,85,0.00,(la materia chile)
bolsos,CLP977,4,77,0.00,"(bolsos materos, bolsos para mate)"
pack,"CLP1,292",6,70,0.00,"(pack matero, pack mate)"
termos,CLP565,4,69,0.00,(termos para mate)
bombillon,CLP652,4,69,0.00,(bombillon mate)
argentino,"CLP2,239",7,61,0.00,(mate argentino)
algarrobo,"CLP1,378",7,58,0.00,(mate algarrobo)
en,CLP0,0,58,0.00,(cual es la mejor yerba mate en chile)
criollo,CLP632,3,55,0.00,(mate criollo)
salud,CLP9,1,51,0.00,(beneficios del mate para la salud)
cuero,"CLP1,067",4,49,0.00,(bolso matero de cuero)
palo,CLP817,5,46,0.00,(yerba mate sin palo)
premium,CLP416,2,46,0.00,(yerba mate premium)
sin,CLP817,5,46,0.00,(yerba mate sin palo)
yerbero,CLP542,2,45,0.00,(yerbero mate)
yerbas,"CLP1,382",7,44,0.00,(yerbas mate)
alpaca,CLP112,1,41,0.00,(bombilla mate alpaca)
camionero,CLP517,3,39,0.00,(mate camionero)
comprar,CLP292,2,38,0.00,(mate comprar)
rosamonte,CLP0,0,36,0.00,(mate rosamonte)
rei,CLP165,2,35,0.00,(yerba mate rei verde)
organica,CLP56,1,35,0.00,(yerba mate organica)
verde,CLP165,2,35,0.00,(yerba mate rei verde)
sirve,CLP9,2,34,0.00,(para que sirve el mate)
que,CLP9,2,34,0.00,(para que sirve el mate)
vaso,CLP0,0,34,0.00,(vaso de mate)
serena,CLP509,2,34,0.00,(canarias serena)
y,"CLP1,271",6,34,0.00,(mate y bombilla)
torpedo,CLP338,3,33,0.00,(mate torpedo)
