Buscar,Costo,Clics,Impresiones,Conversiones
mate,"CLP31,175",137,"1,963",0.00
yerba mate,"CLP19,180",65,"1,202",0.00
cosas nuestras,"CLP3,465",352,835,0.00
bolso matero,"CLP19,967",79,766,0.00
mates,"CLP10,475",50,694,0.00
matero,"CLP9,775",39,685,0.00
bombilla mate,"CLP5,535",29,483,0.00
cosas nuestras cl,"CLP1,439",176,361,0.00
beneficios del mate,CLP32,4,314,0.00
bolso para mate,"CLP4,437",21,268,0.00
yerba mate canarias,"CLP2,129",12,232,0.00
yerba canarias,"CLP4,840",18,228,0.00
mate chile,"CLP5,020",26,213,0.00
mates chile,"CLP3,360",22,201,0.00
termo para mate,"CLP1,923",13,194,0.00
termo mate,"CLP1,334",10,182,0.00
bolso mate,"CLP3,800",12,164,0.00
materos,CLP986,9,162,0.00
mate de calabaza,"CLP3,790",21,161,0.00
beneficios de tomar mate,CLP30,2,160,0.00
termo matero,"CLP1,165",10,152,0.00
mate calabaza,"CLP1,663",10,147,0.00
porta mate,"CLP1,213",8,135,0.00
mate imperial,"CLP1,485",10,126,0.00
yerba mate cbse,CLP837,4,124,0.00
set matero,"CLP1,424",10,112,0.00
yerba mate la merced,"CLP1,004",5,112,0.00
yerba mate canarias chile,CLP633,5,111,0.00
yerba mate el buen pastor,CLP226,2,110,0.00
kit matero,"CLP3,010",15,108,0.00
mate autocebante,"CLP1,056",4,103,0.00
propiedades del mate,CLP3,1,99,0.00
mate acero inoxidable,"CLP1,123",7,94,0.00
yerba mate chile,"CLP4,246",15,90,0.00
la materia chile,CLP545,3,85,0.00
mate canarias,CLP749,2,83,0.00
bolso de mate,CLP597,3,80,0.00
yerba mate baldo,CLP723,5,79,0.00
bombilla para mate,"CLP1,388",7,74,0.00
mate cbse,CLP250,1,74,0.00
mates cl,CLP50,1,71,0.00
bombillon mate,CLP652,4,69,0.00
termos para mate,CLP565,4,69,0.00
yerba canarias chile,CLP595,3,67,0.00
yerba baldo,CLP585,2,66,0.00
bombilla de mate,CLP356,3,65,0.00
canarias yerba,CLP640,4,65,0.00
mate la merced,CLP149,1,65,0.00
mates personalizados,CLP831,8,65,0.00
yerba mate buen pastor,CLP293,1,62,0.00
mate argentino,"CLP2,239",7,61,0.00
cual es la mejor yerba mate en chile,CLP0,0,58,0.00
mate algarrobo,"CLP1,378",7,58,0.00
bombillas de mate,CLP904,4,57,0.00
mate criollo,CLP632,3,55,0.00
yerba mate playadito,CLP403,2,55,0.00
bombillas para mate,CLP784,5,54,0.00
beneficios del mate para la salud,CLP9,1,51,0.00
bombillas mate,"CLP2,051",10,50,0.00
bolso matero de cuero,"CLP1,067",4,49,0.00
el buen pastor mate,"CLP1,139",3,48,0.00
kit mate,CLP801,4,47,0.00
mate yerba,CLP210,1,47,0.00
yerba la merced,CLP901,3,47,0.00
yerba mate premium,CLP416,2,46,0.00
yerba mate sin palo,CLP817,5,46,0.00
beneficios de la yerba mate,CLP4,2,45,0.00
yerbero mate,CLP542,2,45,0.00
yerbas mate,"CLP1,382",7,44,0.00
playadito,CLP0,0,42,0.00
bombilla mate alpaca,CLP112,1,41,0.00
cbse mate,CLP807,3,41,0.00
bolsos materos,CLP757,3,40,0.00
set de mate,CLP583,3,40,0.00
mate camionero,CLP517,3,39,0.00
pack matero,CLP898,4,39,0.00
mate comprar,CLP292,2,38,0.00
bolsos para mate,CLP220,1,37,0.00
cual es la mejor yerba mate,CLP164,3,37,0.00
bombilla mate acero inoxidable,CLP463,4,36,0.00
mate cl,CLP0,0,36,0.00
mate el buen pastor,CLP232,1,36,0.00
mate rosamonte,CLP0,0,36,0.00
yerba mate beneficios,CLP23,2,36,0.00
la merced yerba,CLP480,1,35,0.00
yerba mate organica,CLP56,1,35,0.00
yerba mate rei verde,CLP165,2,35,0.00
canarias serena,CLP509,2,34,0.00
cbse,CLP0,0,34,0.00
mate y bombilla,"CLP1,271",6,34,0.00
mates personalizados chile,CLP940,6,34,0.00
para que sirve el mate,CLP9,2,34,0.00
vaso de mate,CLP0,0,34,0.00
cbse yerba mate,CLP577,2,33,0.00
mate playadito,CLP0,0,33,0.00
mate torpedo,CLP338,3,33,0.00
kit de mate,CLP0,0,32,0.00
propiedades de la yerba mate,CLP0,0,32,0.00
pack mate,CLP394,2,31,0.00
set mate,CLP218,2,31,0.00
